,move,correct,movementTime,soccerTeam,game,phase,playerAlias,totalCorrect,groupCode,sequExecuted,optionChosen
0,1,TRUE,1.963821,ELD,AQ,0,P55972,9,ELD2018,120120120,1
1,2,TRUE,1.716064,ELD,AQ,0,P55972,9,ELD2018,120120120,2
2,3,TRUE,0.733231,ELD,AQ,0,P55972,9,ELD2018,120120120,0
3,4,TRUE,0.749886,ELD,AQ,0,P55972,9,ELD2018,120120120,1
4,5,TRUE,0.699204,ELD,AQ,0,P55972,9,ELD2018,120120120,2
5,6,TRUE,1.083092,ELD,AQ,0,P55972,9,ELD2018,120120120,0
6,7,TRUE,1.050682,ELD,AQ,0,P55972,9,ELD2018,120120120,1
7,8,TRUE,1.149902,ELD,AQ,0,P55972,9,ELD2018,120120120,2
8,9,TRUE,1.283485,ELD,AQ,0,P55972,9,ELD2018,120120120,0
