,move,correct,movementTime,soccerTeam,game,phase,playerAlias,totalCorrect,groupCode,sequExecuted,optionChosen
0,1,TRUE,50.562100,PDM,AQ,0,P83900,9,PDM2018,201200101,2
1,2,TRUE,2.433319,PDM,AQ,0,P83900,9,PDM2018,201200101,0
2,3,TRUE,2.033310,PDM,AQ,0,P83900,9,PDM2018,201200101,1
3,4,TRUE,3.583466,PDM,AQ,0,P83900,9,PDM2018,201200101,2
4,5,TRUE,1.483063,PDM,AQ,0,P83900,9,PDM2018,201200101,0
5,6,TRUE,2.449326,PDM,AQ,0,P83900,9,PDM2018,201200101,0
6,7,TRUE,1.517212,PDM,AQ,0,P83900,9,PDM2018,201200101,1
7,8,TRUE,1.933243,PDM,AQ,0,P83900,9,PDM2018,201200101,0
8,9,TRUE,1.316650,PDM,AQ,0,P83900,9,PDM2018,201200101,1
