,move,correct,movementTime,soccerTeam,game,phase,playerAlias,totalCorrect,groupCode,sequExecuted,optionChosen
0,1,TRUE,9.196033,PDM,AQ,0,P63759,9,PDM2018,002001021,0
1,2,TRUE,3.166653,PDM,AQ,0,P63759,9,PDM2018,002001021,0
2,3,TRUE,1.383106,PDM,AQ,0,P63759,9,PDM2018,002001021,2
3,4,TRUE,1.316532,PDM,AQ,0,P63759,9,PDM2018,002001021,0
4,5,TRUE,1.716721,PDM,AQ,0,P63759,9,PDM2018,002001021,0
5,6,TRUE,2.033146,PDM,AQ,0,P63759,9,PDM2018,002001021,1
6,7,TRUE,1.433304,PDM,AQ,0,P63759,9,PDM2018,002001021,0
7,8,TRUE,1.016174,PDM,AQ,0,P63759,9,PDM2018,002001021,2
8,9,TRUE,2.349930,PDM,AQ,0,P63759,9,PDM2018,002001021,1
