,move,correct,movementTime,soccerTeam,game,phase,playerAlias,totalCorrect,groupCode,sequExecuted,optionChosen
0,1,TRUE,14.498350,PDM,JG,2,P63759,9,PDM2018,201201201,2
1,2,TRUE,1.483093,PDM,JG,2,P63759,9,PDM2018,201201201,0
2,3,TRUE,1.033417,PDM,JG,2,P63759,9,PDM2018,201201201,1
3,4,TRUE,1.766327,PDM,JG,2,P63759,9,PDM2018,201201201,2
4,5,TRUE,0.783234,PDM,JG,2,P63759,9,PDM2018,201201201,0
5,6,TRUE,0.283402,PDM,JG,2,P63759,9,PDM2018,201201201,1
6,7,TRUE,0.968063,PDM,JG,2,P63759,9,PDM2018,201201201,2
7,8,TRUE,0.599655,PDM,JG,2,P63759,9,PDM2018,201201201,0
8,9,TRUE,4.366791,PDM,JG,2,P63759,9,PDM2018,201201201,1
