,move,correct,movementTime,soccerTeam,game,phase,playerAlias,totalCorrect,groupCode,sequExecuted,optionChosen
0,1,TRUE,19.862760,PDM,AQ,0,P96488,9,PDM2018,210120220,2
1,2,TRUE,5.399796,PDM,AQ,0,P96488,9,PDM2018,210120220,1
2,3,TRUE,3.133286,PDM,AQ,0,P96488,9,PDM2018,210120220,0
3,4,TRUE,6.449615,PDM,AQ,0,P96488,9,PDM2018,210120220,1
4,5,TRUE,3.416656,PDM,AQ,0,P96488,9,PDM2018,210120220,2
5,6,TRUE,2.366791,PDM,AQ,0,P96488,9,PDM2018,210120220,0
6,7,TRUE,4.732971,PDM,AQ,0,P96488,9,PDM2018,210120220,2
7,8,TRUE,8.133179,PDM,AQ,0,P96488,9,PDM2018,210120220,2
8,9,TRUE,3.450058,PDM,AQ,0,P96488,9,PDM2018,210120220,0
