,move,correct,movementTime,soccerTeam,game,phase,playerAlias,totalCorrect,groupCode,sequExecuted,optionChosen
0,1,TRUE,34.711560,PDA,AQ,0,P11540,9,PDA2018,011210020,0
1,2,TRUE,6.533333,PDA,AQ,0,P11540,9,PDA2018,011210020,1
2,3,TRUE,7.316376,PDA,AQ,0,P11540,9,PDA2018,011210020,1
3,4,TRUE,4.182526,PDA,AQ,0,P11540,9,PDA2018,011210020,2
4,5,TRUE,3.883514,PDA,AQ,0,P11540,9,PDA2018,011210020,1
5,6,TRUE,2.366516,PDA,AQ,0,P11540,9,PDA2018,011210020,0
6,7,TRUE,2.250015,PDA,AQ,0,P11540,9,PDA2018,011210020,0
7,8,TRUE,5.266235,PDA,AQ,0,P11540,9,PDA2018,011210020,2
8,9,TRUE,6.082504,PDA,AQ,0,P11540,9,PDA2018,011210020,0
