,move,correct,movementTime,soccerTeam,game,phase,playerAlias,totalCorrect,groupCode,sequExecuted,optionChosen
0,1,TRUE,4.794952,YOG,AQ,0,P41399,9,YOG2018,200120020,2
1,2,TRUE,1.599640,YOG,AQ,0,P41399,9,YOG2018,200120020,0
2,3,TRUE,1.283112,YOG,AQ,0,P41399,9,YOG2018,200120020,0
3,4,TRUE,1.866623,YOG,AQ,0,P41399,9,YOG2018,200120020,1
4,5,TRUE,0.883293,YOG,AQ,0,P41399,9,YOG2018,200120020,2
5,6,TRUE,2.033173,YOG,AQ,0,P41399,9,YOG2018,200120020,0
6,7,TRUE,1.449959,YOG,AQ,0,P41399,9,YOG2018,200120020,0
7,8,TRUE,0.781838,YOG,AQ,0,P41399,9,YOG2018,200120020,2
8,9,TRUE,0.633453,YOG,AQ,0,P41399,9,YOG2018,200120020,0
