,move,correct,movementTime,soccerTeam,game,phase,playerAlias,totalCorrect,groupCode,sequExecuted,optionChosen
0,1,TRUE,87.043160,ELD,AQ,0,P27912,9,ELD2018,011011010,0
1,2,TRUE,2.549957,ELD,AQ,0,P27912,9,ELD2018,011011010,1
2,3,TRUE,1.948639,ELD,AQ,0,P27912,9,ELD2018,011011010,1
3,4,TRUE,1.366989,ELD,AQ,0,P27912,9,ELD2018,011011010,0
4,5,TRUE,1.133057,ELD,AQ,0,P27912,9,ELD2018,011011010,1
5,6,TRUE,1.099808,ELD,AQ,0,P27912,9,ELD2018,011011010,1
6,7,TRUE,0.933167,ELD,AQ,0,P27912,9,ELD2018,011011010,0
7,8,TRUE,0.700150,ELD,AQ,0,P27912,9,ELD2018,011011010,1
8,9,TRUE,0.899811,ELD,AQ,0,P27912,9,ELD2018,011011010,0
