,move,correct,movementTime,soccerTeam,game,phase,playerAlias,totalCorrect,groupCode,sequExecuted,optionChosen
0,1,TRUE,60.076680,PDM,AQ,0,P7452,9,PDM2018,121220010,1
1,2,TRUE,2.866653,PDM,AQ,0,P7452,9,PDM2018,121220010,2
2,3,TRUE,2.883453,PDM,AQ,0,P7452,9,PDM2018,121220010,1
3,4,TRUE,1.616531,PDM,AQ,0,P7452,9,PDM2018,121220010,2
4,5,TRUE,1.433136,PDM,AQ,0,P7452,9,PDM2018,121220010,2
5,6,TRUE,1.783966,PDM,AQ,0,P7452,9,PDM2018,121220010,0
6,7,TRUE,1.049728,PDM,AQ,0,P7452,9,PDM2018,121220010,0
7,8,TRUE,1.366562,PDM,AQ,0,P7452,9,PDM2018,121220010,1
8,9,TRUE,4.432953,PDM,AQ,0,P7452,9,PDM2018,121220010,0
