,move,correct,movementTime,soccerTeam,game,phase,playerAlias,totalCorrect,groupCode,sequExecuted,optionChosen
0,1,TRUE,56.144790,ELD,AQ,0,P17999,9,ELD2018,220210022,2
1,2,TRUE,4.916084,ELD,AQ,0,P17999,9,ELD2018,220210022,2
2,3,TRUE,1.566345,ELD,AQ,0,P17999,9,ELD2018,220210022,0
3,4,TRUE,1.599838,ELD,AQ,0,P17999,9,ELD2018,220210022,2
4,5,TRUE,1.466476,ELD,AQ,0,P17999,9,ELD2018,220210022,1
5,6,TRUE,1.516022,ELD,AQ,0,P17999,9,ELD2018,220210022,0
6,7,TRUE,1.483185,ELD,AQ,0,P17999,9,ELD2018,220210022,0
7,8,TRUE,4.466446,ELD,AQ,0,P17999,9,ELD2018,220210022,2
8,9,TRUE,1.233383,ELD,AQ,0,P17999,9,ELD2018,220210022,2
