,move,correct,movementTime,soccerTeam,game,phase,playerAlias,totalCorrect,groupCode,sequExecuted,optionChosen
0,1,TRUE,20.512620,ELD,AQ,0,P23893,9,ELD2018,221212212,2
1,2,TRUE,4.732971,ELD,AQ,0,P23893,9,ELD2018,221212212,2
2,3,TRUE,4.549789,ELD,AQ,0,P23893,9,ELD2018,221212212,1
3,4,TRUE,5.633072,ELD,AQ,0,P23893,9,ELD2018,221212212,2
4,5,TRUE,2.583084,ELD,AQ,0,P23893,9,ELD2018,221212212,1
5,6,TRUE,2.449631,ELD,AQ,0,P23893,9,ELD2018,221212212,2
6,7,TRUE,1.983170,ELD,AQ,0,P23893,9,ELD2018,221212212,2
7,8,TRUE,1.616394,ELD,AQ,0,P23893,9,ELD2018,221212212,1
8,9,TRUE,1.983063,ELD,AQ,0,P23893,9,ELD2018,221212212,2
