,move,correct,movementTime,soccerTeam,game,phase,playerAlias,totalCorrect,groupCode,sequExecuted,optionChosen
0,1,TRUE,10.931150,ELD,JG,1,P52661,9,ELD2018,102102102,1
1,2,TRUE,6.282959,ELD,JG,1,P52661,9,ELD2018,102102102,0
2,3,TRUE,1.683105,ELD,JG,1,P52661,9,ELD2018,102102102,2
3,4,TRUE,1.433350,ELD,JG,1,P52661,9,ELD2018,102102102,1
4,5,TRUE,2.116455,ELD,JG,1,P52661,9,ELD2018,102102102,0
5,6,TRUE,1.067261,ELD,JG,1,P52661,9,ELD2018,102102102,2
6,7,TRUE,0.999756,ELD,JG,1,P52661,9,ELD2018,102102102,1
7,8,TRUE,0.833252,ELD,JG,1,P52661,9,ELD2018,102102102,0
8,9,TRUE,0.866089,ELD,JG,1,P52661,9,ELD2018,102102102,2
