,move,correct,movementTime,soccerTeam,game,phase,playerAlias,totalCorrect,groupCode,sequExecuted,optionChosen
0,1,TRUE,25.712220,PDM,AQ,0,P49956,9,PDM2018,200120220,2
1,2,TRUE,3.149704,PDM,AQ,0,P49956,9,PDM2018,200120220,0
2,3,TRUE,0.999703,PDM,AQ,0,P49956,9,PDM2018,200120220,0
3,4,TRUE,2.133316,PDM,AQ,0,P49956,9,PDM2018,200120220,1
4,5,TRUE,1.249924,PDM,AQ,0,P49956,9,PDM2018,200120220,2
5,6,TRUE,1.449829,PDM,AQ,0,P49956,9,PDM2018,200120220,0
6,7,TRUE,1.382828,PDM,AQ,0,P49956,9,PDM2018,200120220,2
7,8,TRUE,1.116562,PDM,AQ,0,P49956,9,PDM2018,200120220,2
8,9,TRUE,0.933273,PDM,AQ,0,P49956,9,PDM2018,200120220,0
