,move,correct,movementTime,soccerTeam,game,phase,playerAlias,totalCorrect,groupCode,sequExecuted,optionChosen
0,1,TRUE,7.329910,YOG,AQ,0,P35362,9,YOG2018,122120102,1
1,2,TRUE,3.182907,YOG,AQ,0,P35362,9,YOG2018,122120102,2
2,3,TRUE,3.433228,YOG,AQ,0,P35362,9,YOG2018,122120102,2
3,4,TRUE,1.416458,YOG,AQ,0,P35362,9,YOG2018,122120102,1
4,5,TRUE,0.850113,YOG,AQ,0,P35362,9,YOG2018,122120102,2
5,6,TRUE,0.683304,YOG,AQ,0,P35362,9,YOG2018,122120102,0
6,7,TRUE,17.358670,YOG,AQ,0,P35362,9,YOG2018,122120102,1
7,8,TRUE,0.683685,YOG,AQ,0,P35362,9,YOG2018,122120102,0
8,9,TRUE,0.666473,YOG,AQ,0,P35362,9,YOG2018,122120102,2
