,move,correct,movementTime,soccerTeam,game,phase,playerAlias,totalCorrect,groupCode,sequExecuted,optionChosen
0,1,TRUE,8.995953,YOG,AQ,0,P17151,9,YOG2018,221220220,2
1,2,TRUE,12.616320,YOG,AQ,0,P17151,9,YOG2018,221220220,2
2,3,TRUE,1.150108,YOG,AQ,0,P17151,9,YOG2018,221220220,1
3,4,TRUE,1.099007,YOG,AQ,0,P17151,9,YOG2018,221220220,2
4,5,TRUE,0.916496,YOG,AQ,0,P17151,9,YOG2018,221220220,2
5,6,TRUE,1.049973,YOG,AQ,0,P17151,9,YOG2018,221220220,0
6,7,TRUE,1.016624,YOG,AQ,0,P17151,9,YOG2018,221220220,2
7,8,TRUE,0.733261,YOG,AQ,0,P17151,9,YOG2018,221220220,2
8,9,TRUE,0.983231,YOG,AQ,0,P17151,9,YOG2018,221220220,0
