,move,correct,movementTime,soccerTeam,game,phase,playerAlias,totalCorrect,groupCode,sequExecuted,optionChosen
0,1,TRUE,58.596990,PDM,AQ,0,P88505,9,PDM2018,012212022,0
1,2,TRUE,4.699966,PDM,AQ,0,P88505,9,PDM2018,012212022,1
2,3,TRUE,4.833359,PDM,AQ,0,P88505,9,PDM2018,012212022,2
3,4,TRUE,11.366130,PDM,AQ,0,P88505,9,PDM2018,012212022,2
4,5,TRUE,2.249893,PDM,AQ,0,P88505,9,PDM2018,012212022,1
5,6,TRUE,1.749863,PDM,AQ,0,P88505,9,PDM2018,012212022,2
6,7,TRUE,2.166580,PDM,AQ,0,P88505,9,PDM2018,012212022,0
7,8,TRUE,2.299805,PDM,AQ,0,P88505,9,PDM2018,012212022,2
8,9,TRUE,1.649689,PDM,AQ,0,P88505,9,PDM2018,012212022,2
