,move,correct,movementTime,soccerTeam,game,phase,playerAlias,totalCorrect,groupCode,sequExecuted,optionChosen
0,1,TRUE,9.746696,ELD,AQ,0,P76385,9,ELD2018,122120022,1
1,2,TRUE,5.183571,ELD,AQ,0,P76385,9,ELD2018,122120022,2
2,3,TRUE,3.283562,ELD,AQ,0,P76385,9,ELD2018,122120022,2
3,4,TRUE,2.166786,ELD,AQ,0,P76385,9,ELD2018,122120022,1
4,5,TRUE,3.015556,ELD,AQ,0,P76385,9,ELD2018,122120022,2
5,6,TRUE,4.833298,ELD,AQ,0,P76385,9,ELD2018,122120022,0
6,7,TRUE,4.198555,ELD,AQ,0,P76385,9,ELD2018,122120022,0
7,8,TRUE,1.366806,ELD,AQ,0,P76385,9,ELD2018,122120022,2
8,9,TRUE,1.349747,ELD,AQ,0,P76385,9,ELD2018,122120022,2
