,move,correct,movementTime,soccerTeam,game,phase,playerAlias,totalCorrect,groupCode,sequExecuted,optionChosen
0,1,TRUE,36.794300,YOG,AQ,0,P17842,9,YOG2018,220012210,2
1,2,TRUE,3.199860,YOG,AQ,0,P17842,9,YOG2018,220012210,2
2,3,TRUE,3.199722,YOG,AQ,0,P17842,9,YOG2018,220012210,0
3,4,TRUE,1.400162,YOG,AQ,0,P17842,9,YOG2018,220012210,0
4,5,TRUE,1.616531,YOG,AQ,0,P17842,9,YOG2018,220012210,1
5,6,TRUE,2.434280,YOG,AQ,0,P17842,9,YOG2018,220012210,2
6,7,TRUE,1.066620,YOG,AQ,0,P17842,9,YOG2018,220012210,2
7,8,TRUE,3.066620,YOG,AQ,0,P17842,9,YOG2018,220012210,1
8,9,TRUE,1.166550,YOG,AQ,0,P17842,9,YOG2018,220012210,0
