,move,correct,movementTime,soccerTeam,game,phase,playerAlias,totalCorrect,groupCode,sequExecuted,optionChosen
0,1,TRUE,95.808850,PDM,AQ,0,P91184,9,PDM2018,212112210,2
1,2,TRUE,1.583237,PDM,AQ,0,P91184,9,PDM2018,212112210,1
2,3,TRUE,0.751175,PDM,AQ,0,P91184,9,PDM2018,212112210,2
3,4,TRUE,1.166687,PDM,AQ,0,P91184,9,PDM2018,212112210,1
4,5,TRUE,1.016647,PDM,AQ,0,P91184,9,PDM2018,212112210,1
5,6,TRUE,0.816528,PDM,AQ,0,P91184,9,PDM2018,212112210,2
6,7,TRUE,0.783249,PDM,AQ,0,P91184,9,PDM2018,212112210,2
7,8,TRUE,0.883209,PDM,AQ,0,P91184,9,PDM2018,212112210,1
8,9,TRUE,0.916443,PDM,AQ,0,P91184,9,PDM2018,212112210,0
