,move,correct,movementTime,soccerTeam,game,phase,playerAlias,totalCorrect,groupCode,sequExecuted,optionChosen
0,1,TRUE,27.812610,YOG,AQ,0,P81101,9,YOG2018,020100211,0
1,2,TRUE,2.816505,YOG,AQ,0,P81101,9,YOG2018,020100211,2
2,3,TRUE,1.333115,YOG,AQ,0,P81101,9,YOG2018,020100211,0
3,4,TRUE,1.666840,YOG,AQ,0,P81101,9,YOG2018,020100211,1
4,5,TRUE,1.149849,YOG,AQ,0,P81101,9,YOG2018,020100211,0
5,6,TRUE,0.799797,YOG,AQ,0,P81101,9,YOG2018,020100211,0
6,7,TRUE,0.700470,YOG,AQ,0,P81101,9,YOG2018,020100211,2
7,8,TRUE,1.183228,YOG,AQ,0,P81101,9,YOG2018,020100211,1
8,9,TRUE,1.133987,YOG,AQ,0,P81101,9,YOG2018,020100211,1
