,move,correct,movementTime,soccerTeam,game,phase,playerAlias,totalCorrect,groupCode,sequExecuted,optionChosen
0,1,TRUE,63.944560,YOG,AQ,0,P3118,9,YOG2018,112202112,1
1,2,TRUE,4.083092,YOG,AQ,0,P3118,9,YOG2018,112202112,1
2,3,TRUE,7.132797,YOG,AQ,0,P3118,9,YOG2018,112202112,2
3,4,TRUE,1.799911,YOG,AQ,0,P3118,9,YOG2018,112202112,2
4,5,TRUE,2.349792,YOG,AQ,0,P3118,9,YOG2018,112202112,0
5,6,TRUE,2.066574,YOG,AQ,0,P3118,9,YOG2018,112202112,2
6,7,TRUE,2.083313,YOG,AQ,0,P3118,9,YOG2018,112202112,1
7,8,TRUE,4.183136,YOG,AQ,0,P3118,9,YOG2018,112202112,1
8,9,TRUE,1.616562,YOG,AQ,0,P3118,9,YOG2018,112202112,2
