,move,correct,movementTime,soccerTeam,game,phase,playerAlias,totalCorrect,groupCode,sequExecuted,optionChosen
0,1,TRUE,16.999170,PDM,JG,1,P91184,9,PDM2018,210210210,2
1,2,TRUE,0.566429,PDM,JG,1,P91184,9,PDM2018,210210210,1
2,3,TRUE,0.316612,PDM,JG,1,P91184,9,PDM2018,210210210,0
3,4,TRUE,0.249947,PDM,JG,1,P91184,9,PDM2018,210210210,2
4,5,TRUE,0.816513,PDM,JG,1,P91184,9,PDM2018,210210210,1
5,6,TRUE,0.149796,PDM,JG,1,P91184,9,PDM2018,210210210,0
6,7,TRUE,0.633064,PDM,JG,1,P91184,9,PDM2018,210210210,2
7,8,TRUE,0.115234,PDM,JG,1,P91184,9,PDM2018,210210210,1
8,9,TRUE,0.316467,PDM,JG,1,P91184,9,PDM2018,210210210,0
