,move,correct,movementTime,soccerTeam,game,phase,playerAlias,totalCorrect,groupCode,sequExecuted,optionChosen
0,1,TRUE,9.479561,PDM,JG,1,P91184,9,PDM2018,210210210,2
1,2,TRUE,1.866737,PDM,JG,1,P91184,9,PDM2018,210210210,1
2,3,TRUE,0.683312,PDM,JG,1,P91184,9,PDM2018,210210210,0
3,4,TRUE,0.299767,PDM,JG,1,P91184,9,PDM2018,210210210,2
4,5,TRUE,0.183098,PDM,JG,1,P91184,9,PDM2018,210210210,1
5,6,TRUE,1.399971,PDM,JG,1,P91184,9,PDM2018,210210210,0
6,7,TRUE,0.649979,PDM,JG,1,P91184,9,PDM2018,210210210,2
7,8,TRUE,1.416603,PDM,JG,1,P91184,9,PDM2018,210210210,1
8,9,TRUE,0.966599,PDM,JG,1,P91184,9,PDM2018,210210210,0
