,move,correct,movementTime,soccerTeam,game,phase,playerAlias,totalCorrect,groupCode,sequExecuted,optionChosen
0,1,false,12.998780,PDM,JM,0,P91184,2,PDM2018,2222220,0
1,2,TRUE,1.699585,PDM,JM,0,P91184,2,PDM2018,2222220,2
2,3,false,1.499878,PDM,JM,0,P91184,2,PDM2018,2222220,0
3,4,false,0.783081,PDM,JM,0,P91184,2,PDM2018,2222220,0
4,5,false,1.383240,PDM,JM,0,P91184,2,PDM2018,2222220,0
5,6,TRUE,18.832460,PDM,JM,0,P91184,2,PDM2018,2222220,2
6,7,false,1.849243,PDM,JM,0,P91184,2,PDM2018,2222220,2
