,move,correct,movementTime,soccerTeam,game,phase,playerAlias,totalCorrect,groupCode,sequExecuted,optionChosen
0,1,TRUE,10.345950,PDM,AQ,0,P64382,9,PDM2018,210210211,2
1,2,TRUE,4.782349,PDM,AQ,0,P64382,9,PDM2018,210210211,1
2,3,TRUE,5.299683,PDM,AQ,0,P64382,9,PDM2018,210210211,0
3,4,TRUE,3.999634,PDM,AQ,0,P64382,9,PDM2018,210210211,2
4,5,TRUE,4.016479,PDM,AQ,0,P64382,9,PDM2018,210210211,1
5,6,TRUE,5.366577,PDM,AQ,0,P64382,9,PDM2018,210210211,0
6,7,TRUE,2.649658,PDM,AQ,0,P64382,9,PDM2018,210210211,2
7,8,TRUE,3.682983,PDM,AQ,0,P64382,9,PDM2018,210210211,1
8,9,TRUE,1.550049,PDM,AQ,0,P64382,9,PDM2018,210210211,1
