,move,correct,movementTime,soccerTeam,game,phase,playerAlias,totalCorrect,groupCode,sequExecuted,optionChosen
0,1,TRUE,23.845660,ELD,AQ,0,P38250,9,ELD2018,102010211,1
1,2,TRUE,2.533310,ELD,AQ,0,P38250,9,ELD2018,102010211,0
2,3,TRUE,2.382767,ELD,AQ,0,P38250,9,ELD2018,102010211,2
3,4,TRUE,3.382957,ELD,AQ,0,P38250,9,ELD2018,102010211,0
4,5,TRUE,1.366508,ELD,AQ,0,P38250,9,ELD2018,102010211,1
5,6,TRUE,2.433441,ELD,AQ,0,P38250,9,ELD2018,102010211,0
6,7,TRUE,1.382904,ELD,AQ,0,P38250,9,ELD2018,102010211,2
7,8,TRUE,2.133057,ELD,AQ,0,P38250,9,ELD2018,102010211,1
8,9,TRUE,1.666519,ELD,AQ,0,P38250,9,ELD2018,102010211,1
