,move,correct,movementTime,soccerTeam,game,phase,playerAlias,totalCorrect,groupCode,sequExecuted,optionChosen
0,1,TRUE,26.031850,ELD,JG,2,P38250,9,ELD2018,012012012,0
1,2,TRUE,3.633011,ELD,JG,2,P38250,9,ELD2018,012012012,1
2,3,TRUE,1.016495,ELD,JG,2,P38250,9,ELD2018,012012012,2
3,4,TRUE,0.333069,ELD,JG,2,P38250,9,ELD2018,012012012,0
4,5,TRUE,0.283341,ELD,JG,2,P38250,9,ELD2018,012012012,1
5,6,TRUE,0.932877,ELD,JG,2,P38250,9,ELD2018,012012012,2
6,7,TRUE,0.216339,ELD,JG,2,P38250,9,ELD2018,012012012,0
7,8,TRUE,0.132767,ELD,JG,2,P38250,9,ELD2018,012012012,1
8,9,TRUE,0.683365,ELD,JG,2,P38250,9,ELD2018,012012012,2
