,move,correct,movementTime,soccerTeam,game,phase,playerAlias,totalCorrect,groupCode,sequExecuted,optionChosen
0,1,TRUE,15.028340,PDA,AQ,0,P86193,9,PDA2018,101212201,1
1,2,TRUE,2.516876,PDA,AQ,0,P86193,9,PDA2018,101212201,0
2,3,TRUE,1.583092,PDA,AQ,0,P86193,9,PDA2018,101212201,1
3,4,TRUE,1.199959,PDA,AQ,0,P86193,9,PDA2018,101212201,2
4,5,TRUE,1.149734,PDA,AQ,0,P86193,9,PDA2018,101212201,1
5,6,TRUE,1.199646,PDA,AQ,0,P86193,9,PDA2018,101212201,2
6,7,TRUE,0.983154,PDA,AQ,0,P86193,9,PDA2018,101212201,2
7,8,TRUE,1.150818,PDA,AQ,0,P86193,9,PDA2018,101212201,0
8,9,TRUE,1.033340,PDA,AQ,0,P86193,9,PDA2018,101212201,1
