,move,correct,movementTime,soccerTeam,game,phase,playerAlias,totalCorrect,groupCode,sequExecuted,optionChosen
0,1,TRUE,6.380287,PDA,AQ,0,P43785,9,PDA2018,110120102,1
1,2,TRUE,2.666367,PDA,AQ,0,P43785,9,PDA2018,110120102,1
2,3,TRUE,2.283386,PDA,AQ,0,P43785,9,PDA2018,110120102,0
3,4,TRUE,1.899979,PDA,AQ,0,P43785,9,PDA2018,110120102,1
4,5,TRUE,1.966522,PDA,AQ,0,P43785,9,PDA2018,110120102,2
5,6,TRUE,1.899750,PDA,AQ,0,P43785,9,PDA2018,110120102,0
6,7,TRUE,1.466492,PDA,AQ,0,P43785,9,PDA2018,110120102,1
7,8,TRUE,1.916306,PDA,AQ,0,P43785,9,PDA2018,110120102,0
8,9,TRUE,1.666245,PDA,AQ,0,P43785,9,PDA2018,110120102,2
