,move,correct,movementTime,soccerTeam,game,phase,playerAlias,totalCorrect,groupCode,sequExecuted,optionChosen
0,1,TRUE,6.229996,PDA,AQ,0,P78777,9,PDA2018,220211022,2
1,2,TRUE,2.350273,PDA,AQ,0,P78777,9,PDA2018,220211022,2
2,3,TRUE,5.933151,PDA,AQ,0,P78777,9,PDA2018,220211022,0
3,4,TRUE,4.166443,PDA,AQ,0,P78777,9,PDA2018,220211022,2
4,5,TRUE,2.467072,PDA,AQ,0,P78777,9,PDA2018,220211022,1
5,6,TRUE,1.799942,PDA,AQ,0,P78777,9,PDA2018,220211022,1
6,7,TRUE,1.616470,PDA,AQ,0,P78777,9,PDA2018,220211022,0
7,8,TRUE,1.549683,PDA,AQ,0,P78777,9,PDA2018,220211022,2
8,9,TRUE,1.183304,PDA,AQ,0,P78777,9,PDA2018,220211022,2
