,move,correct,movementTime,soccerTeam,game,phase,playerAlias,totalCorrect,groupCode,sequExecuted,optionChosen
0,1,TRUE,6.630081,YOG,AQ,0,P36393,9,YOG2018,200221001,2
1,2,TRUE,2.116501,YOG,AQ,0,P36393,9,YOG2018,200221001,0
2,3,TRUE,3.083298,YOG,AQ,0,P36393,9,YOG2018,200221001,0
3,4,TRUE,1.516586,YOG,AQ,0,P36393,9,YOG2018,200221001,2
4,5,TRUE,1.016617,YOG,AQ,0,P36393,9,YOG2018,200221001,2
5,6,TRUE,1.616684,YOG,AQ,0,P36393,9,YOG2018,200221001,1
6,7,TRUE,1.066559,YOG,AQ,0,P36393,9,YOG2018,200221001,0
7,8,TRUE,0.816727,YOG,AQ,0,P36393,9,YOG2018,200221001,0
8,9,TRUE,1.433624,YOG,AQ,0,P36393,9,YOG2018,200221001,1
