,move,correct,movementTime,soccerTeam,game,phase,playerAlias,totalCorrect,groupCode,sequExecuted,optionChosen
0,1,TRUE,11.829150,PDA,JG,1,P44522,9,PDA2018,102102102,1
1,2,TRUE,0.849949,PDA,JG,1,P44522,9,PDA2018,102102102,0
2,3,TRUE,2.683041,PDA,JG,1,P44522,9,PDA2018,102102102,2
3,4,TRUE,0.333431,PDA,JG,1,P44522,9,PDA2018,102102102,1
4,5,TRUE,1.549816,PDA,JG,1,P44522,9,PDA2018,102102102,0
5,6,TRUE,2.883053,PDA,JG,1,P44522,9,PDA2018,102102102,2
6,7,TRUE,0.883484,PDA,JG,1,P44522,9,PDA2018,102102102,1
7,8,TRUE,0.249947,PDA,JG,1,P44522,9,PDA2018,102102102,0
8,9,TRUE,0.116509,PDA,JG,1,P44522,9,PDA2018,102102102,2
