,move,correct,movementTime,soccerTeam,game,phase,playerAlias,totalCorrect,groupCode,sequExecuted,optionChosen
0,1,TRUE,19.663020,PDM,AQ,0,P22363,9,PDM2018,221022020,2
1,2,TRUE,3.482971,PDM,AQ,0,P22363,9,PDM2018,221022020,2
2,3,TRUE,4.199875,PDM,AQ,0,P22363,9,PDM2018,221022020,1
3,4,TRUE,2.833221,PDM,AQ,0,P22363,9,PDM2018,221022020,0
4,5,TRUE,1.650101,PDM,AQ,0,P22363,9,PDM2018,221022020,2
5,6,TRUE,1.316635,PDM,AQ,0,P22363,9,PDM2018,221022020,2
6,7,TRUE,1.333374,PDM,AQ,0,P22363,9,PDM2018,221022020,0
7,8,TRUE,1.733185,PDM,AQ,0,P22363,9,PDM2018,221022020,2
8,9,TRUE,1.182877,PDM,AQ,0,P22363,9,PDM2018,221022020,0
