,move,correct,movementTime,soccerTeam,game,phase,playerAlias,totalCorrect,groupCode,sequExecuted,optionChosen
0,1,TRUE,15.746320,YOG,AQ,0,P31155,9,YOG2018,110210020,1
1,2,TRUE,1.650009,YOG,AQ,0,P31155,9,YOG2018,110210020,1
2,3,TRUE,1.383118,YOG,AQ,0,P31155,9,YOG2018,110210020,0
3,4,TRUE,0.733337,YOG,AQ,0,P31155,9,YOG2018,110210020,2
4,5,TRUE,0.833557,YOG,AQ,0,P31155,9,YOG2018,110210020,1
5,6,TRUE,0.767136,YOG,AQ,0,P31155,9,YOG2018,110210020,0
6,7,TRUE,0.699806,YOG,AQ,0,P31155,9,YOG2018,110210020,0
7,8,TRUE,0.750008,YOG,AQ,0,P31155,9,YOG2018,110210020,2
8,9,TRUE,0.616348,YOG,AQ,0,P31155,9,YOG2018,110210020,0
