,move,correct,movementTime,soccerTeam,game,phase,playerAlias,totalCorrect,groupCode,sequExecuted,optionChosen
0,1,TRUE,1.113300,ELD,AQ,0,y23,9,ELD2018,100210221,1
1,2,TRUE,0.566536,ELD,AQ,0,y23,9,ELD2018,100210221,0
2,3,TRUE,0.616669,ELD,AQ,0,y23,9,ELD2018,100210221,0
3,4,TRUE,0.566334,ELD,AQ,0,y23,9,ELD2018,100210221,2
4,5,TRUE,0.516644,ELD,AQ,0,y23,9,ELD2018,100210221,1
5,6,TRUE,0.599968,ELD,AQ,0,y23,9,ELD2018,100210221,0
6,7,TRUE,0.666454,ELD,AQ,0,y23,9,ELD2018,100210221,2
7,8,TRUE,0.649925,ELD,AQ,0,y23,9,ELD2018,100210221,2
8,9,TRUE,0.599518,ELD,AQ,0,y23,9,ELD2018,100210221,1
