,move,correct,movementTime,soccerTeam,game,phase,playerAlias,totalCorrect,groupCode,sequExecuted,optionChosen
0,1,TRUE,10.795430,PDA,AQ,0,P49475,9,PDA2018,020022001,0
1,2,TRUE,6.632889,PDA,AQ,0,P49475,9,PDA2018,020022001,2
2,3,TRUE,1.949646,PDA,AQ,0,P49475,9,PDA2018,020022001,0
3,4,TRUE,2.166290,PDA,AQ,0,P49475,9,PDA2018,020022001,0
4,5,TRUE,1.916687,PDA,AQ,0,P49475,9,PDA2018,020022001,2
5,6,TRUE,1.817093,PDA,AQ,0,P49475,9,PDA2018,020022001,2
6,7,TRUE,1.816620,PDA,AQ,0,P49475,9,PDA2018,020022001,0
7,8,TRUE,1.466599,PDA,AQ,0,P49475,9,PDA2018,020022001,0
8,9,TRUE,1.466705,PDA,AQ,0,P49475,9,PDA2018,020022001,1
