,move,correct,movementTime,soccerTeam,game,phase,playerAlias,totalCorrect,groupCode,sequExecuted,optionChosen
0,1,TRUE,20.928990,PDM,AQ,0,P94601,9,PDM2018,220021120,2
1,2,TRUE,1.499840,PDM,AQ,0,P94601,9,PDM2018,220021120,2
2,3,TRUE,1.232216,PDM,AQ,0,P94601,9,PDM2018,220021120,0
3,4,TRUE,1.099892,PDM,AQ,0,P94601,9,PDM2018,220021120,0
4,5,TRUE,1.299889,PDM,AQ,0,P94601,9,PDM2018,220021120,2
5,6,TRUE,1.532799,PDM,AQ,0,P94601,9,PDM2018,220021120,1
6,7,TRUE,1.299850,PDM,AQ,0,P94601,9,PDM2018,220021120,1
7,8,TRUE,1.233932,PDM,AQ,0,P94601,9,PDM2018,220021120,2
8,9,TRUE,1.199844,PDM,AQ,0,P94601,9,PDM2018,220021120,0
