,move,correct,movementTime,soccerTeam,game,phase,playerAlias,totalCorrect,groupCode,sequExecuted,optionChosen
0,1,TRUE,8.133034,PDE,AQ,0,P69798,9,PDE2018,221102201,2
1,2,TRUE,2.297005,PDE,AQ,0,P69798,9,PDE2018,221102201,2
2,3,TRUE,1.864197,PDE,AQ,0,P69798,9,PDE2018,221102201,1
3,4,TRUE,1.148560,PDE,AQ,0,P69798,9,PDE2018,221102201,1
4,5,TRUE,1.381523,PDE,AQ,0,P69798,9,PDE2018,221102201,0
5,6,TRUE,1.929665,PDE,AQ,0,P69798,9,PDE2018,221102201,2
6,7,TRUE,1.780991,PDE,AQ,0,P69798,9,PDE2018,221102201,2
7,8,TRUE,1.713974,PDE,AQ,0,P69798,9,PDE2018,221102201,0
8,9,TRUE,1.781219,PDE,AQ,0,P69798,9,PDE2018,221102201,1
