,move,correct,movementTime,soccerTeam,game,phase,playerAlias,totalCorrect,groupCode,sequExecuted,optionChosen
0,1,TRUE,7.234390,PDA,AQ,0,P31359,9,PDA2018,202021101,2
1,2,TRUE,4.210663,PDA,AQ,0,P31359,9,PDA2018,202021101,0
2,3,TRUE,4.127472,PDA,AQ,0,P31359,9,PDA2018,202021101,2
3,4,TRUE,4.577454,PDA,AQ,0,P31359,9,PDA2018,202021101,0
4,5,TRUE,2.497650,PDA,AQ,0,P31359,9,PDA2018,202021101,2
5,6,TRUE,4.211563,PDA,AQ,0,P31359,9,PDA2018,202021101,1
6,7,TRUE,3.344864,PDA,AQ,0,P31359,9,PDA2018,202021101,1
7,8,TRUE,1.730927,PDA,AQ,0,P31359,9,PDA2018,202021101,0
8,9,TRUE,2.779510,PDA,AQ,0,P31359,9,PDA2018,202021101,1
