,move,correct,movementTime,soccerTeam,game,phase,playerAlias,totalCorrect,groupCode,sequExecuted,optionChosen
0,1,TRUE,7.799347,PDE,AQ,0,P90841,9,PDE2018,202112102,2
1,2,TRUE,6.158020,PDE,AQ,0,P90841,9,PDE2018,202112102,0
2,3,TRUE,4.777100,PDE,AQ,0,P90841,9,PDE2018,202112102,2
3,4,TRUE,2.230774,PDE,AQ,0,P90841,9,PDE2018,202112102,1
4,5,TRUE,3.828003,PDE,AQ,0,P90841,9,PDE2018,202112102,1
5,6,TRUE,2.046631,PDE,AQ,0,P90841,9,PDE2018,202112102,2
6,7,TRUE,1.947266,PDE,AQ,0,P90841,9,PDE2018,202112102,1
7,8,TRUE,1.864746,PDE,AQ,0,P90841,9,PDE2018,202112102,0
8,9,TRUE,1.780701,PDE,AQ,0,P90841,9,PDE2018,202112102,2
