,move,correct,movementTime,soccerTeam,game,phase,playerAlias,totalCorrect,groupCode,sequExecuted,optionChosen
0,1,TRUE,16.072350,PDE,AQ,0,p70271,9,PDE2018,220022002,2
1,2,TRUE,2.944458,PDE,AQ,0,p70271,9,PDE2018,220022002,2
2,3,TRUE,2.795868,PDE,AQ,0,p70271,9,PDE2018,220022002,0
3,4,TRUE,2.047211,PDE,AQ,0,p70271,9,PDE2018,220022002,0
4,5,TRUE,2.146797,PDE,AQ,0,p70271,9,PDE2018,220022002,2
5,6,TRUE,1.214958,PDE,AQ,0,p70271,9,PDE2018,220022002,2
6,7,TRUE,2.662895,PDE,AQ,0,p70271,9,PDE2018,220022002,0
7,8,TRUE,0.998749,PDE,AQ,0,p70271,9,PDE2018,220022002,0
8,9,TRUE,4.443405,PDE,AQ,0,p70271,9,PDE2018,220022002,2
