,move,correct,movementTime,soccerTeam,game,phase,playerAlias,totalCorrect,groupCode,sequExecuted,optionChosen
0,1,TRUE,5.468388,PDA,AQ,0,p42936,9,PDA2018,002012021,0
1,2,TRUE,3.145882,PDA,AQ,0,p42936,9,PDA2018,002012021,0
2,3,TRUE,3.478340,PDA,AQ,0,p42936,9,PDA2018,002012021,2
3,4,TRUE,3.928009,PDA,AQ,0,p42936,9,PDA2018,002012021,0
4,5,TRUE,2.679672,PDA,AQ,0,p42936,9,PDA2018,002012021,1
5,6,TRUE,2.163528,PDA,AQ,0,p42936,9,PDA2018,002012021,2
6,7,TRUE,2.097000,PDA,AQ,0,p42936,9,PDA2018,002012021,0
7,8,TRUE,1.381454,PDA,AQ,0,p42936,9,PDA2018,002012021,2
8,9,TRUE,2.563202,PDA,AQ,0,p42936,9,PDA2018,002012021,1
