,move,correct,movementTime,soccerTeam,game,phase,playerAlias,totalCorrect,groupCode,sequExecuted,optionChosen
0,1,TRUE,42.085050,PDM,AQ,0,P195,9,PDM2018,220010212,2
1,2,TRUE,12.248990,PDM,AQ,0,P195,9,PDM2018,220010212,2
2,3,TRUE,4.909607,PDM,AQ,0,P195,9,PDM2018,220010212,0
3,4,TRUE,3.461670,PDM,AQ,0,P195,9,PDM2018,220010212,0
4,5,TRUE,3.244568,PDM,AQ,0,P195,9,PDM2018,220010212,1
5,6,TRUE,2.563416,PDM,AQ,0,P195,9,PDM2018,220010212,0
6,7,TRUE,2.479797,PDM,AQ,0,P195,9,PDM2018,220010212,2
7,8,TRUE,2.713074,PDM,AQ,0,P195,9,PDM2018,220010212,1
8,9,TRUE,3.128967,PDM,AQ,0,P195,9,PDM2018,220010212,2
