,move,correct,movementTime,soccerTeam,game,phase,playerAlias,totalCorrect,groupCode,sequExecuted,optionChosen
0,1,TRUE,23.859440,PDA,AQ,0,P96512,9,PDA2018,121220112,1
1,2,TRUE,4.560074,PDA,AQ,0,P96512,9,PDA2018,121220112,2
2,3,TRUE,1.995789,PDA,AQ,0,P96512,9,PDA2018,121220112,1
3,4,TRUE,1.447845,PDA,AQ,0,P96512,9,PDA2018,121220112,2
4,5,TRUE,3.428482,PDA,AQ,0,P96512,9,PDA2018,121220112,2
5,6,TRUE,1.647629,PDA,AQ,0,P96512,9,PDA2018,121220112,0
6,7,TRUE,1.397995,PDA,AQ,0,P96512,9,PDA2018,121220112,1
7,8,TRUE,1.298203,PDA,AQ,0,P96512,9,PDA2018,121220112,1
8,9,TRUE,1.780838,PDA,AQ,0,P96512,9,PDA2018,121220112,2
