,move,correct,movementTime,soccerTeam,game,phase,playerAlias,totalCorrect,groupCode,sequExecuted,optionChosen
0,1,TRUE,8.482258,PDE,AQ,0,p29031,9,PDE2018,221220102,2
1,2,TRUE,2.363182,PDE,AQ,0,p29031,9,PDE2018,221220102,2
2,3,TRUE,1.664383,PDE,AQ,0,p29031,9,PDE2018,221220102,1
3,4,TRUE,2.364174,PDE,AQ,0,p29031,9,PDE2018,221220102,2
4,5,TRUE,1.198395,PDE,AQ,0,p29031,9,PDE2018,221220102,2
5,6,TRUE,1.397888,PDE,AQ,0,p29031,9,PDE2018,221220102,0
6,7,TRUE,1.580109,PDE,AQ,0,p29031,9,PDE2018,221220102,1
7,8,TRUE,1.181763,PDE,AQ,0,p29031,9,PDE2018,221220102,0
8,9,TRUE,1.164810,PDE,AQ,0,p29031,9,PDE2018,221220102,2
