,move,correct,movementTime,soccerTeam,game,phase,playerAlias,totalCorrect,groupCode,sequExecuted,optionChosen
0,1,TRUE,35.808560,PDM,AQ,0,P63513,9,PDM2018,020200120,0
1,2,TRUE,9.069992,PDM,AQ,0,P63513,9,PDM2018,020200120,2
2,3,TRUE,3.177780,PDM,AQ,0,P63513,9,PDM2018,020200120,0
3,4,TRUE,2.929703,PDM,AQ,0,P63513,9,PDM2018,020200120,2
4,5,TRUE,1.781845,PDM,AQ,0,P63513,9,PDM2018,020200120,0
5,6,TRUE,2.180237,PDM,AQ,0,P63513,9,PDM2018,020200120,0
6,7,TRUE,2.211700,PDM,AQ,0,P63513,9,PDM2018,020200120,1
7,8,TRUE,1.847031,PDM,AQ,0,P63513,9,PDM2018,020200120,2
8,9,TRUE,1.464050,PDM,AQ,0,P63513,9,PDM2018,020200120,0
