,move,correct,movementTime,soccerTeam,game,phase,playerAlias,totalCorrect,groupCode,sequExecuted,optionChosen
0,1,TRUE,12.480620,PDA,JG,2,P96512,9,PDA2018,120120120,1
1,2,TRUE,1.480225,PDA,JG,2,P96512,9,PDA2018,120120120,2
2,3,TRUE,0.965179,PDA,JG,2,P96512,9,PDA2018,120120120,0
3,4,TRUE,0.582184,PDA,JG,2,P96512,9,PDA2018,120120120,1
4,5,TRUE,1.113922,PDA,JG,2,P96512,9,PDA2018,120120120,2
5,6,TRUE,0.366089,PDA,JG,2,P96512,9,PDA2018,120120120,0
6,7,TRUE,0.083252,PDA,JG,2,P96512,9,PDA2018,120120120,1
7,8,TRUE,0.632385,PDA,JG,2,P96512,9,PDA2018,120120120,2
8,9,TRUE,2.679565,PDA,JG,2,P96512,9,PDA2018,120120120,0
