,move,correct,movementTime,soccerTeam,game,phase,playerAlias,totalCorrect,groupCode,sequExecuted,optionChosen
0,1,TRUE,6.090637,PDE,JG,2,p29031,9,PDE2018,201201201,2
1,2,TRUE,2.280090,PDE,JG,2,p29031,9,PDE2018,201201201,0
2,3,TRUE,1.181793,PDE,JG,2,p29031,9,PDE2018,201201201,1
3,4,TRUE,2.263367,PDE,JG,2,p29031,9,PDE2018,201201201,2
4,5,TRUE,2.213593,PDE,JG,2,p29031,9,PDE2018,201201201,0
5,6,TRUE,0.316315,PDE,JG,2,p29031,9,PDE2018,201201201,1
6,7,TRUE,1.897491,PDE,JG,2,p29031,9,PDE2018,201201201,2
7,8,TRUE,1.481842,PDE,JG,2,p29031,9,PDE2018,201201201,0
8,9,TRUE,0.381805,PDE,JG,2,p29031,9,PDE2018,201201201,1
